date,latitude,cloud_type,rh_percent,temperature_c,solar_energy_kwh_m2,predicted_liters_per_day
2025-01-01,43.6532,0.0,65.0,12.0,2.164378026063676,1.9199955549291317
2025-01-01,43.6532,1.0,65.0,12.0,2.1598003954593,1.916319717553818
2025-01-01,43.6532,2.0,65.0,12.0,1.3550306988972125,1.2700896512144617
2025-01-01,43.6532,3.0,65.0,12.0,1.2148255925959908,1.1575049508545807
2025-01-01,43.6532,4.0,65.0,12.0,1.0543717175828975,1.0286604892190667
2025-01-01,43.6532,5.0,65.0,12.0,1.0543717175828975,1.0286604892190667
2025-01-01,43.6532,6.0,65.0,12.0,0.9859336785395865,0.9737047438672879
2025-01-01,43.6532,7.0,65.0,12.0,1.275009084214574,1.205832294624303
2025-01-01,43.6532,8.0,65.0,12.0,1.3061840253900872,1.23086577238824
2025-01-01,43.6532,9.0,65.0,12.0,1.2660792359475466,1.1986616264658798
2025-01-01,43.6532,10.0,65.0,12.0,1.2660792359475466,1.1986616264658798
2025-01-06,43.6532,0.0,65.0,12.0,2.239739885662685,1.9805111281871361
2025-01-06,43.6532,1.0,65.0,12.0,2.2355813227496046,1.9771718021679325
2025-01-06,43.6532,2.0,65.0,12.0,1.4028924233994522,1.30852261598976
2025-01-06,43.6532,3.0,65.0,12.0,1.2695641718356423,1.2014600299840208
2025-01-06,43.6532,4.0,65.0,12.0,1.102285699027873,1.0671354163193822
2025-01-06,43.6532,5.0,65.0,12.0,1.1022856990278729,1.067135416319382
2025-01-06,43.6532,6.0,65.0,12.0,1.0299115329782853,1.0090189609815632
2025-01-06,43.6532,7.0,65.0,12.0,1.3478194927761726,1.2642990526992666
2025-01-06,43.6532,8.0,65.0,12.0,1.380357232701349,1.290426857859183
2025-01-06,43.6532,9.0,65.0,12.0,1.3377917499536038,1.256246775212744
2025-01-06,43.6532,10.0,65.0,12.0,1.3377917499536038,1.256246775212744
2025-01-11,43.6532,0.0,65.0,12.0,2.343846166481463,2.064108471684615
2025-01-11,43.6532,1.0,65.0,12.0,2.3400224011829605,2.0610379881499172
2025-01-11,43.6532,2.0,65.0,12.0,1.495257451396586,1.3826917334714586
2025-01-11,43.6532,3.0,65.0,12.0,1.3594152779659574,1.2736104682066638
2025-01-11,43.6532,4.0,65.0,12.0,1.1864672366993299,1.134733191069562
2025-01-11,43.6532,5.0,65.0,12.0,1.1864672366993299,1.134733191069562
2025-01-11,43.6532,6.0,65.0,12.0,1.098413126529813,1.06402574060344
2025-01-11,43.6532,7.0,65.0,12.0,1.4840313561292753,1.373677178971808
2025-01-11,43.6532,8.0,65.0,12.0,1.5155047886990043,1.3989503453253005
2025-01-11,43.6532,9.0,65.0,12.0,1.467790605608474,1.3606358563036045
2025-01-11,43.6532,10.0,65.0,12.0,1.4677906056084735,1.3606358563036043
2025-01-16,43.6532,0.0,65.0,12.0,2.476627777207735,2.1707321050978114
2025-01-16,43.6532,1.0,65.0,12.0,2.471898718166167,2.166934670687432
2025-01-16,43.6532,2.0,65.0,12.0,1.6297220090913902,1.4906667733003864
2025-01-16,43.6532,3.0,65.0,12.0,1.5076615793315595,1.3926522482032424
2025-01-16,43.6532,4.0,65.0,12.0,1.223692392710761,1.1646249913467412
2025-01-16,43.6532,5.0,65.0,12.0,1.2236923927107612,1.1646249913467412
2025-01-16,43.6532,6.0,65.0,12.0,1.1492759779065167,1.104868610258933
2025-01-16,43.6532,7.0,65.0,12.0,1.6085529515783596,1.4736680201174228
2025-01-16,43.6532,8.0,65.0,12.0,1.63594459501948,1.4956635098006423
2025-01-16,43.6532,9.0,65.0,12.0,1.594661789521262,1.4625134169855734
2025-01-16,43.6532,10.0,65.0,12.0,1.594661789521262,1.4625134169855734
2025-01-21,43.6532,0.0,65.0,12.0,2.6401648807233618,2.3020523992208597
2025-01-21,43.6532,1.0,65.0,12.0,2.6328624274869554,2.296188529272025
2025-01-21,43.6532,2.0,65.0,12.0,1.7372296988200417,1.5769954481524935
2025-01-21,43.6532,3.0,65.0,12.0,1.623662153646189,1.4858007093778898
2025-01-21,43.6532,4.0,65.0,12.0,1.2499111274112593,1.1856786353112412
2025-01-21,43.6532,5.0,65.0,12.0,1.2499111274112593,1.1856786353112412
2025-01-21,43.6532,6.0,65.0,12.0,1.1735203304633963,1.1243368253621073
2025-01-21,43.6532,7.0,65.0,12.0,1.7044818289815553,1.550698908672189
2025-01-21,43.6532,8.0,65.0,12.0,1.7309225630805105,1.57193081815365
2025-01-21,43.6532,9.0,65.0,12.0,1.6953785256880018,1.5433889561274654
2025-01-21,43.6532,10.0,65.0,12.0,1.6953785256880018,1.5433889561274654
2025-01-26,43.6532,0.0,65.0,12.0,2.8215164901664673,2.4476777416036732
2025-01-26,43.6532,1.0,65.0,12.0,2.809423018039455,2.4379666834856826
2025-01-26,43.6532,2.0,65.0,12.0,1.894308528529827,1.703129748409451
2025-01-26,43.6532,3.0,65.0,12.0,1.7594102996706344,1.5948064706355194
2025-01-26,43.6532,4.0,65.0,12.0,1.3201160436279125,1.2420531830332138
2025-01-26,43.6532,5.0,65.0,12.0,1.3201160436279125,1.2420531830332138
2025-01-26,43.6532,6.0,65.0,12.0,1.2485008487284273,1.184546181528927
2025-01-26,43.6532,7.0,65.0,12.0,1.7589976900720394,1.5944751451278476
2025-01-26,43.6532,8.0,65.0,12.0,1.7924814540711882,1.621362607619164
2025-01-26,43.6532,9.0,65.0,12.0,1.7599404062043187,1.595232146182068
2025-01-26,43.6532,10.0,65.0,12.0,1.7599404062043187,1.595232146182068
2025-01-31,43.6532,0.0,65.0,12.0,3.0174792916415845,2.6050358711881922
2025-01-31,43.6532,1.0,65.0,12.0,3.004289487554281,2.5944444585060875
2025-01-31,43.6532,2.0,65.0,12.0,2.026310185247241,1.8091270787535347
2025-01-31,43.6532,3.0,65.0,12.0,1.890934156824726,1.700420127930255
2025-01-31,43.6532,4.0,65.0,12.0,1.3657445158268307,1.278692846208945
2025-01-31,43.6532,5.0,65.0,12.0,1.3657445158268307,1.278692846208945
2025-01-31,43.6532,6.0,65.0,12.0,1.3042510468090707,1.2293135905876837
2025-01-31,43.6532,7.0,65.0,12.0,1.8133397232015407,1.6381117977308373
2025-01-31,43.6532,8.0,65.0,12.0,1.8519154700297962,1.6690881224339265
2025-01-31,43.6532,9.0,65.0,12.0,1.8233597591098774,1.6461578865652315
2025-01-31,43.6532,10.0,65.0,12.0,1.8233597591098774,1.6461578865652315
2025-02-05,43.6532,0.0,65.0,12.0,3.239254141986953,2.7831210760155236
2025-02-05,43.6532,1.0,65.0,12.0,3.231389831125233,2.7768060343935623
2025-02-05,43.6532,2.0,65.0,12.0,2.2144881642866943,1.9602339959222155
2025-02-05,43.6532,3.0,65.0,12.0,1.9674303355667904,1.7618465594601327
2025-02-05,43.6532,4.0,65.0,12.0,1.450676569806601,1.3468932855547007
2025-02-05,43.6532,5.0,65.0,12.0,1.450676569806601,1.3468932855547007
2025-02-05,43.6532,6.0,65.0,12.0,1.403142338595123,1.3087232978918837
2025-02-05,43.6532,7.0,65.0,12.0,2.0488452778777777,1.8272227581358556
2025-02-05,43.6532,8.0,65.0,12.0,2.0728109573250277,1.8464671987319974
2025-02-05,43.6532,9.0,65.0,12.0,2.0489107110421996,1.8272753009668863
2025-02-05,43.6532,10.0,65.0,12.0,2.0489107110421996,1.8272753009668863
2025-02-10,43.6532,0.0,65.0,12.0,3.487889506145005,2.9827752734344393
2025-02-10,43.6532,1.0,65.0,12.0,3.481574673547879,2.977704462858947
2025-02-10,43.6532,2.0,65.0,12.0,2.3498466090116423,2.068926827036349
2025-02-10,43.6532,3.0,65.0,12.0,2.122762580923867,1.8865783524818653
2025-02-10,43.6532,4.0,65.0,12.0,1.583129505791758,1.4532529931507818
2025-02-10,43.6532,5.0,65.0,12.0,1.583129505791758,1.4532529931507818
2025-02-10,43.6532,6.0,65.0,12.0,1.5321937572425623,1.4123515870657777
2025-02-10,43.6532,7.0,65.0,12.0,2.2384360466218705,1.979464145437362
2025-02-10,43.6532,8.0,65.0,12.0,2.264451765112609,2.000354767385425
2025-02-10,43.6532,9.0,65.0,12.0,2.2393370912631956,1.980187684284346
2025-02-10,43.6532,10.0,65.0,12.0,2.2393370912631956,1.980187684284346
2025-02-15,43.6532,0.0,65.0,12.0,3.7571494509486736,3.198991009111785
2025-02-15,43.6532,1.0,65.0,12.0,3.7512832713905397,3.1942804669266036
2025-02-15,43.6532,2.0,65.0,12.0,2.438693429552655,2.140270823930782
2025-02-15,43.6532,3.0,65.0,12.0,2.2833514152070755,2.0155311864112817
2025-02-15,43.6532,4.0,65.0,12.0,1.6244240618846515,1.4864125216933752
2025-02-15,43.6532,5.0,65.0,12.0,1.6244240618846515,1.4864125216933752
2025-02-15,43.6532,6.0,65.0,12.0,1.5721378716602776,1.444426710943203
2025-02-15,43.6532,7.0,65.0,12.0,2.321279556375433,2.0459874837694727
2025-02-15,43.6532,8.0,65.0,12.0,2.3546468096426745,2.072781388143068
2025-02-15,43.6532,9.0,65.0,12.0,2.3294831699579888,2.052574985476265
2025-02-15,43.6532,10.0,65.0,12.0,2.329483169957989,2.0525749854762654
2025-02-20,43.6532,0.0,65.0,12.0,4.062270450547874,3.444003171789943
2025-02-20,43.6532,1.0,65.0,12.0,4.056020076868847,3.438984121725684
2025-02-20,43.6532,2.0,65.0,12.0,2.512842558163918,2.1998125742056263
2025-02-20,43.6532,3.0,65.0,12.0,2.486648767995428,2.178778960700329
2025-02-20,43.6532,4.0,65.0,12.0,1.8000711903102187,1.6274571658191057
2025-02-20,43.6532,5.0,65.0,12.0,1.8000711903102187,1.6274571658191057
2025-02-20,43.6532,6.0,65.0,12.0,1.7038057423560782,1.5501560111119308
2025-02-20,43.6532,7.0,65.0,12.0,2.3868953996753572,2.098677005939312
2025-02-20,43.6532,8.0,65.0,12.0,2.420463722491908,2.125632369161002
2025-02-20,43.6532,9.0,65.0,12.0,2.397347427171177,2.1070699840184552
2025-02-20,43.6532,10.0,65.0,12.0,2.397347427171177,2.1070699840184552
2025-02-25,43.6532,0.0,65.0,12.0,4.356421023304376,3.6802060817134143
2025-02-25,43.6532,1.0,65.0,12.0,4.348576330208468,3.6739067931574
2025-02-25,43.6532,2.0,65.0,12.0,2.714837945751101,2.3620148704381343
2025-02-25,43.6532,3.0,65.0,12.0,2.6991340149122296,2.3494046139745204
2025-02-25,43.6532,4.0,65.0,12.0,1.9710273588312683,1.7647349691415084
2025-02-25,43.6532,5.0,65.0,12.0,1.9710273588312683,1.7647349691415084
2025-02-25,43.6532,6.0,65.0,12.0,1.8281312792864122,1.649989417266989
2025-02-25,43.6532,7.0,65.0,12.0,2.494424661954189,2.185023003549214
2025-02-25,43.6532,8.0,65.0,12.0,2.504867766573985,2.19340881655891
2025-02-25,43.6532,9.0,65.0,12.0,2.482566584962893,2.1755009677252035
2025-02-25,43.6532,10.0,65.0,12.0,2.482566584962893,2.1755009677252035
2025-03-02,43.6532,0.0,65.0,12.0,4.650346707116504,3.916228405814553
2025-03-02,43.6532,1.0,65.0,12.0,4.64533956033985,3.9122076669528996
2025-03-02,43.6532,2.0,65.0,12.0,2.9235805946036035,2.529635217466694
2025-03-02,43.6532,3.0,65.0,12.0,2.9032078445028864,2.513275899135818
2025-03-02,43.6532,4.0,65.0,12.0,1.9630899539659818,1.7583612330346834
2025-03-02,43.6532,5.0,65.0,12.0,1.9630899539659818,1.7583612330346834
2025-03-02,43.6532,6.0,65.0,12.0,1.800570596459007,1.6278581889565826
2025-03-02,43.6532,7.0,65.0,12.0,2.724517485314699,2.3697875407077036
2025-03-02,43.6532,8.0,65.0,12.0,2.728228261182182,2.3727672937292925
2025-03-02,43.6532,9.0,65.0,12.0,2.707822618688652,2.3563815628069875
2025-03-02,43.6532,10.0,65.0,12.0,2.7078226186886534,2.356381562806989
2025-03-07,43.6532,0.0,65.0,12.0,4.981959478830373,4.182513461500791
2025-03-07,43.6532,1.0,65.0,12.0,4.977141769423122,4.178644840846768
2025-03-07,43.6532,2.0,65.0,12.0,3.149931950230578,2.7113953560351542
2025-03-07,43.6532,3.0,65.0,12.0,3.151567688027807,2.7127088534863293
2025-03-07,43.6532,4.0,65.0,12.0,2.1815288988176227,1.9337677057505511
2025-03-07,43.6532,5.0,65.0,12.0,2.1815288988176227,1.9337677057505511
2025-03-07,43.6532,6.0,65.0,12.0,1.9836869955694094,1.7749006574422357
2025-03-07,43.6532,7.0,65.0,12.0,2.928372264996803,2.533482928792433
2025-03-07,43.6532,8.0,65.0,12.0,2.9383317567415714,2.541480400663482
2025-03-07,43.6532,9.0,65.0,12.0,2.9191418242305556,2.5260708848571363
2025-03-07,43.6532,10.0,65.0,12.0,2.9191418242305556,2.5260708848571363
2025-03-12,43.6532,0.0,65.0,12.0,5.267448147198749,4.411760862200596
2025-03-12,43.6532,1.0,65.0,12.0,5.263621974562511,4.408688445573697
2025-03-12,43.6532,2.0,65.0,12.0,3.310835068377519,2.840600559907148
2025-03-12,43.6532,3.0,65.0,12.0,3.2665682011935067,2.805054265558386
2025-03-12,43.6532,4.0,65.0,12.0,2.2989563511277065,2.0280619499555486
2025-03-12,43.6532,5.0,65.0,12.0,2.2989563511277065,2.0280619499555486
2025-03-12,43.6532,6.0,65.0,12.0,2.0754401279522887,1.8485784227456878
2025-03-12,43.6532,7.0,65.0,12.0,3.1208122914047682,2.688012269998029
2025-03-12,43.6532,8.0,65.0,12.0,3.1332422690988504,2.697993542086377
2025-03-12,43.6532,9.0,65.0,12.0,3.1129109823848142,2.681667518855006
2025-03-12,43.6532,10.0,65.0,12.0,3.1129109823848142,2.681667518855006
2025-03-17,43.6532,0.0,65.0,12.0,5.564534342530235,4.65032107705178
2025-03-17,43.6532,1.0,65.0,12.0,5.560332760222134,4.646947206458374
2025-03-17,43.6532,2.0,65.0,12.0,3.670571724665836,3.1294690949066664
2025-03-17,43.6532,3.0,65.0,12.0,3.354462339271613,2.8756332584351054
2025-03-17,43.6532,4.0,65.0,12.0,2.416905966683406,2.122775491246775
2025-03-17,43.6532,5.0,65.0,12.0,2.416905966683406,2.122775491246775
2025-03-17,43.6532,6.0,65.0,12.0,2.19129553381079,1.9416103136500644
2025-03-17,43.6532,7.0,65.0,12.0,3.1023150994467796,2.673159024855764
2025-03-17,43.6532,8.0,65.0,12.0,3.1463601098209533,2.7085271681862255
2025-03-17,43.6532,9.0,65.0,12.0,3.1264863689817797,2.692568554292369
2025-03-17,43.6532,10.0,65.0,12.0,3.1264863689817797,2.692568554292369
2025-03-22,43.6532,0.0,65.0,12.0,5.8348941656307405,4.8674200150014855
2025-03-22,43.6532,1.0,65.0,12.0,5.8304893790214285,4.863882971354208
2025-03-22,43.6532,2.0,65.0,12.0,3.8777524401980887,3.2958352094790655
2025-03-22,43.6532,3.0,65.0,12.0,3.3572139126382745,2.8778427718485347
2025-03-22,43.6532,4.0,65.0,12.0,2.4764196191004073,2.1705649541376273
2025-03-22,43.6532,5.0,65.0,12.0,2.4764196191004078,2.1705649541376277
2025-03-22,43.6532,6.0,65.0,12.0,2.346512796734397,2.0662497757777207
2025-03-22,43.6532,7.0,65.0,12.0,3.18584626847363,2.740234553584325
2025-03-22,43.6532,8.0,65.0,12.0,3.228970928598148,2.774863655664313
2025-03-22,43.6532,9.0,65.0,12.0,3.209172764135441,2.7589657296007593
2025-03-22,43.6532,10.0,65.0,12.0,3.209172764135441,2.7589657296007593
2025-03-27,43.6532,0.0,65.0,12.0,6.135106321867288,5.108490376459433
2025-03-27,43.6532,1.0,65.0,12.0,6.130655609623327,5.104916454527532
2025-03-27,43.6532,2.0,65.0,12.0,4.123684063072686,3.4933183026473666
2025-03-27,43.6532,3.0,65.0,12.0,3.6109448571371687,3.0815887202811467
2025-03-27,43.6532,4.0,65.0,12.0,2.8071547793369303,2.436145287807555
2025-03-27,43.6532,5.0,65.0,12.0,2.8071547793369303,2.436145287807555
2025-03-27,43.6532,6.0,65.0,12.0,2.657156244720053,2.3156964645102027
2025-03-27,43.6532,7.0,65.0,12.0,3.506808214744901,2.9979669964401556
2025-03-27,43.6532,8.0,65.0,12.0,3.520768103981635,3.0091767874972533
2025-03-27,43.6532,9.0,65.0,12.0,3.5018170083458133,2.993959057701688
2025-03-27,43.6532,10.0,65.0,12.0,3.5018170083458133,2.993959057701688
2025-04-01,43.6532,0.0,65.0,12.0,6.353471652563364,5.283837737008382
2025-04-01,43.6532,1.0,65.0,12.0,6.34996830547278,5.281024549294643
2025-04-01,43.6532,2.0,65.0,12.0,4.4271841921518655,3.7370289062979483
2025-04-01,43.6532,3.0,65.0,12.0,3.4430065951184554,2.9467342958801197
2025-04-01,43.6532,4.0,65.0,12.0,2.698532230951254,2.3489213814538568
2025-04-01,43.6532,5.0,65.0,12.0,2.698532230951254,2.3489213814538568
2025-04-01,43.6532,6.0,65.0,12.0,2.581921826712847,2.255283226850416
2025-04-01,43.6532,7.0,65.0,12.0,3.259223561618341,2.799156519979528
2025-04-01,43.6532,8.0,65.0,12.0,3.273665080942665,2.81075305999696
2025-04-01,43.6532,9.0,65.0,12.0,3.2564136083067834,2.796900127470347
2025-04-01,43.6532,10.0,65.0,12.0,3.2564136083067834,2.796900127470347
2025-04-06,43.6532,0.0,65.0,12.0,6.647990297275996,5.520336208712625
2025-04-06,43.6532,1.0,65.0,12.0,6.644667044016481,5.5176676363452355
2025-04-06,43.6532,2.0,65.0,12.0,4.6786851078477,3.9389841416017033
2025-04-06,43.6532,3.0,65.0,12.0,3.5945736810450737,3.068442665879194
2025-04-06,43.6532,4.0,65.0,12.0,2.8837788744468114,2.4976744361807897
2025-04-06,43.6532,5.0,65.0,12.0,2.883778874446811,2.497674436180789
2025-04-06,43.6532,6.0,65.0,12.0,2.7582039774286993,2.3968377938752456
2025-04-06,43.6532,7.0,65.0,12.0,3.4840161962445513,2.979665005584375
2025-04-06,43.6532,8.0,65.0,12.0,3.4882152749623954,2.9830368657948036
2025-04-06,43.6532,9.0,65.0,12.0,3.469043131914596,2.9676416349274204
2025-04-06,43.6532,10.0,65.0,12.0,3.469043131914596,2.9676416349274204
2025-04-11,43.6532,0.0,65.0,12.0,6.94360687489318,5.757716320539224
2025-04-11,43.6532,1.0,65.0,12.0,6.940182815182862,5.754966800591839
2025-04-11,43.6532,2.0,65.0,12.0,4.991547516253625,4.190212655551662
2025-04-11,43.6532,3.0,65.0,12.0,3.650446149025179,3.1133082576672186
2025-04-11,43.6532,4.0,65.0,12.0,3.0271679490682493,2.612815863101804
2025-04-11,43.6532,5.0,65.0,12.0,3.0271679490682484,2.6128158631018037
2025-04-11,43.6532,6.0,65.0,12.0,2.8927265121300954,2.5048593892404667
2025-04-11,43.6532,7.0,65.0,12.0,3.6319579381951086,3.0984622243706723
2025-04-11,43.6532,8.0,65.0,12.0,3.641411920905193,3.10605377248687
2025-04-11,43.6532,9.0,65.0,12.0,3.621692903737334,3.0902194017010793
2025-04-11,43.6532,10.0,65.0,12.0,3.6216929037373338,3.0902194017010793
2025-04-16,43.6532,0.0,65.0,12.0,7.209873073420073,5.971528077956319
2025-04-16,43.6532,1.0,65.0,12.0,7.206381276771315,5.968724165247367
2025-04-16,43.6532,2.0,65.0,12.0,5.210941029991502,4.366385647083177
2025-04-16,43.6532,3.0,65.0,12.0,3.8122974725452403,3.243274870453828
2025-04-16,43.6532,4.0,65.0,12.0,3.1103509430315714,2.6796118072543518
2025-04-16,43.6532,5.0,65.0,12.0,3.1103509430315714,2.6796118072543518
2025-04-16,43.6532,6.0,65.0,12.0,2.9208712217571726,2.52745959107101
2025-04-16,43.6532,7.0,65.0,12.0,3.5887066255611946,3.0637314203256394
2025-04-16,43.6532,8.0,65.0,12.0,3.614539653113593,3.0844753414502155
2025-04-16,43.6532,9.0,65.0,12.0,3.595337625557735,3.0690561133228615
2025-04-16,43.6532,10.0,65.0,12.0,3.595337625557735,3.0690561133228615
2025-04-21,43.6532,0.0,65.0,12.0,7.477130144053819,6.186135505675217
2025-04-21,43.6532,1.0,65.0,12.0,7.473504211774989,6.183223882055317
2025-04-21,43.6532,2.0,65.0,12.0,5.312168299519604,4.447671144514242
2025-04-21,43.6532,3.0,65.0,12.0,3.7100268139431463,3.1611515315963468
2025-04-21,43.6532,4.0,65.0,12.0,2.9854216979033104,2.5792936234163584
2025-04-21,43.6532,5.0,65.0,12.0,2.9854216979033104,2.5792936234163584
2025-04-21,43.6532,6.0,65.0,12.0,2.906309683724693,2.5157666760309287
2025-04-21,43.6532,7.0,65.0,12.0,3.6737867048408663,3.132050723987216
2025-04-21,43.6532,8.0,65.0,12.0,3.7146737886167966,3.1648830522592877
2025-04-21,43.6532,9.0,65.0,12.0,3.6949994750369113,3.14908457845464
2025-04-21,43.6532,10.0,65.0,12.0,3.6949994750369104,3.149084578454639
2025-04-26,43.6532,0.0,65.0,12.0,7.680207842927423,6.3492068978707215
2025-04-26,43.6532,1.0,65.0,12.0,7.676354529758552,6.346112687396118
2025-04-26,43.6532,2.0,65.0,12.0,5.432318111651208,4.54415144365592
2025-04-26,43.6532,3.0,65.0,12.0,4.075498776470067,3.4546255175054643
2025-04-26,43.6532,4.0,65.0,12.0,3.3894387920371942,2.903719350005867
2025-04-26,43.6532,5.0,65.0,12.0,3.3894387920371942,2.903719350005867
2025-04-26,43.6532,6.0,65.0,12.0,3.297084704031417,2.829559017337228
2025-04-26,43.6532,7.0,65.0,12.0,3.947651861087309,3.351964444453109
2025-04-26,43.6532,8.0,65.0,12.0,3.990838232039283,3.3866431003275443
2025-04-26,43.6532,9.0,65.0,12.0,3.9724339758934337,3.3718644826424273
2025-04-26,43.6532,10.0,65.0,12.0,3.9724339758934337,3.3718644826424273
2025-05-01,43.6532,0.0,65.0,12.0,7.774038305145551,6.424552759031878
2025-05-01,43.6532,1.0,65.0,12.0,7.770811386296739,6.421961543196282
2025-05-01,43.6532,2.0,65.0,12.0,5.742665521435745,4.793360413712904
2025-05-01,43.6532,3.0,65.0,12.0,3.82558615384303,3.253945681535953
2025-05-01,43.6532,4.0,65.0,12.0,3.069418593253286,2.6467431303823887
2025-05-01,43.6532,5.0,65.0,12.0,3.0694185932532863,2.6467431303823887
2025-05-01,43.6532,6.0,65.0,12.0,3.044891474329969,2.6270478538869653
2025-05-01,43.6532,7.0,65.0,12.0,3.793327153953539,3.228041704624692
2025-05-01,43.6532,8.0,65.0,12.0,3.7647505746191405,3.20509471141917
2025-05-01,43.6532,9.0,65.0,12.0,3.7465425157086956,3.1904736401140825
2025-05-01,43.6532,10.0,65.0,12.0,3.7465425157086947,3.190473640114082
2025-05-06,43.6532,0.0,65.0,12.0,7.966966000571025,6.579473698458534
2025-05-06,43.6532,1.0,65.0,12.0,7.963339813725397,6.576561870421495
2025-05-06,43.6532,2.0,65.0,12.0,5.952894946952556,4.962174642402903
2025-05-06,43.6532,3.0,65.0,12.0,3.966258331364842,3.366905440085968
2025-05-06,43.6532,4.0,65.0,12.0,3.1988381105755566,2.750667002792172
2025-05-06,43.6532,5.0,65.0,12.0,3.1988381105755566,2.750667002792172
2025-05-06,43.6532,6.0,65.0,12.0,3.152566266238341,2.7135107117893877
2025-05-06,43.6532,7.0,65.0,12.0,3.983528850969313,3.3807736673283584
2025-05-06,43.6532,8.0,65.0,12.0,3.944175893696836,3.3491732426385594
2025-05-06,43.6532,9.0,65.0,12.0,3.927137769636356,3.335491629017994
2025-05-06,43.6532,10.0,65.0,12.0,3.927137769636356,3.335491629017994
2025-05-11,43.6532,0.0,65.0,12.0,8.158836889887294,6.733546022579498
2025-05-11,43.6532,1.0,65.0,12.0,8.156201792690045,6.731430039530107
2025-05-11,43.6532,2.0,65.0,12.0,6.035668143597826,5.028641519309055
2025-05-11,43.6532,3.0,65.0,12.0,4.01646963221989,3.4072251146725714
2025-05-11,43.6532,4.0,65.0,12.0,3.2944985020414506,2.827482297139285
2025-05-11,43.6532,5.0,65.0,12.0,3.2944985020414506,2.827482297139285
2025-05-11,43.6532,6.0,65.0,12.0,3.242417650737191,2.785661373541964
2025-05-11,43.6532,7.0,65.0,12.0,4.0789765061483525,3.4574181344371273
2025-05-11,43.6532,8.0,65.0,12.0,4.05853384161355,3.441002674815681
2025-05-11,43.6532,9.0,65.0,12.0,4.03840057758634,3.424835663801831
2025-05-11,43.6532,10.0,65.0,12.0,4.03840057758634,3.424835663801831
2025-05-16,43.6532,0.0,65.0,12.0,8.316650981716007,6.860270738317954
2025-05-16,43.6532,1.0,65.0,12.0,8.312696581331497,6.857095354809193
2025-05-16,43.6532,2.0,65.0,12.0,6.08438813960508,5.06776367610288
2025-05-16,43.6532,3.0,65.0,12.0,4.250298966787661,3.5949900703304922
2025-05-16,43.6532,4.0,65.0,12.0,3.4479742506010926,2.9507233232326775
2025-05-16,43.6532,5.0,65.0,12.0,3.4479742506010926,2.9507233232326775
2025-05-16,43.6532,6.0,65.0,12.0,3.3156566276696524,2.8444722720187308
2025-05-16,43.6532,7.0,65.0,12.0,4.011807174161974,3.403481160852065
2025-05-16,43.6532,8.0,65.0,12.0,3.989683596844422,3.3857159282660714
2025-05-16,43.6532,9.0,65.0,12.0,3.970992142076614,3.370706690087521
2025-05-16,43.6532,10.0,65.0,12.0,3.9709921420766134,3.3707066900875207
2025-05-21,43.6532,0.0,65.0,12.0,8.469931370041772,6.983354890143544
2025-05-21,43.6532,1.0,65.0,12.0,8.466372207061797,6.980496882270623
2025-05-21,43.6532,2.0,65.0,12.0,6.0573624945530335,5.0460620831260865
2025-05-21,43.6532,3.0,65.0,12.0,4.003156205504644,3.3965344330202294
2025-05-21,43.6532,4.0,65.0,12.0,3.198166040515498,2.750127330533945
2025-05-21,43.6532,5.0,65.0,12.0,3.198166040515497,2.750127330533944
2025-05-21,43.6532,6.0,65.0,12.0,3.202343361878634,2.7534817195885433
2025-05-21,43.6532,7.0,65.0,12.0,3.9897275657611937,3.3857512353062384
2025-05-21,43.6532,8.0,65.0,12.0,3.996596029035935,3.3912666113158556
2025-05-21,43.6532,9.0,65.0,12.0,3.9769833739916853,3.3755176493153236
2025-05-21,43.6532,10.0,65.0,12.0,3.9769833739916853,3.3755176493153236
2025-05-26,43.6532,0.0,65.0,12.0,8.560671329595708,7.056219077665355
2025-05-26,43.6532,1.0,65.0,12.0,8.556997194810704,7.053268747432996
2025-05-26,43.6532,2.0,65.0,12.0,6.002749585131985,5.002207916860985
2025-05-26,43.6532,3.0,65.0,12.0,4.3667033798738215,3.688462814038679
2025-05-26,43.6532,4.0,65.0,12.0,3.6302793796983623,3.097114341897785
2025-05-26,43.6532,5.0,65.0,12.0,3.6302793796983623,3.097114341897785
2025-05-26,43.6532,6.0,65.0,12.0,3.598736052959488,3.071785050526469
2025-05-26,43.6532,7.0,65.0,12.0,4.270849803263822,3.6114923920208493
2025-05-26,43.6532,8.0,65.0,12.0,4.286712483891882,3.624230124565181
2025-05-26,43.6532,9.0,65.0,12.0,4.266098943260877,3.607677451438484
2025-05-26,43.6532,10.0,65.0,12.0,4.266098943260878,3.607677451438485
2025-05-31,43.6532,0.0,65.0,12.0,8.623874282619976,7.106971048943842
2025-05-31,43.6532,1.0,65.0,12.0,8.619408212626519,7.103384794739095
2025-05-31,43.6532,2.0,65.0,12.0,6.079379704409527,5.06374190264085
2025-05-31,43.6532,3.0,65.0,12.0,4.481609623546434,3.7807325277077863
2025-05-31,43.6532,4.0,65.0,12.0,3.679060693683961,3.136285737028221
2025-05-31,43.6532,5.0,65.0,12.0,3.679060693683961,3.136285737028221
2025-05-31,43.6532,6.0,65.0,12.0,3.6325610328173314,3.0989465093523174
2025-05-31,43.6532,7.0,65.0,12.0,4.434664827986966,3.743035856873534
2025-05-31,43.6532,8.0,65.0,12.0,4.4095411035889045,3.7228615061818906
2025-05-31,43.6532,9.0,65.0,12.0,4.390750334957492,3.707772518970866
2025-05-31,43.6532,10.0,65.0,12.0,4.390750334957492,3.707772518970866
2025-06-05,43.6532,0.0,65.0,12.0,8.756611507214933,7.213559040293592
2025-06-05,43.6532,1.0,65.0,12.0,8.75261640384845,7.210350972290306
2025-06-05,43.6532,2.0,65.0,12.0,6.459764490697505,5.369190886030097
2025-06-05,43.6532,3.0,65.0,12.0,4.023219781878509,3.4126454848484427
2025-06-05,43.6532,4.0,65.0,12.0,3.2696842608430705,2.807556461456986
2025-06-05,43.6532,5.0,65.0,12.0,3.2696842608430705,2.807556461456986
2025-06-05,43.6532,6.0,65.0,12.0,3.2529328430840194,2.7941050729964676
2025-06-05,43.6532,7.0,65.0,12.0,4.081601160297196,3.4595257317186485
2025-06-05,43.6532,8.0,65.0,12.0,4.036746907629012,3.4235077668260967
2025-06-05,43.6532,9.0,65.0,12.0,4.018933149757261,3.409203319255081
2025-06-05,43.6532,10.0,65.0,12.0,4.018933149757261,3.409203319255081
2025-06-10,43.6532,0.0,65.0,12.0,8.82270517240471,7.266632253440983
2025-06-10,43.6532,1.0,65.0,12.0,8.81885760979223,7.263542660663162
2025-06-10,43.6532,2.0,65.0,12.0,6.405801348526214,5.3258584828665505
2025-06-10,43.6532,3.0,65.0,12.0,4.076547120661934,3.4554673378915335
2025-06-10,43.6532,4.0,65.0,12.0,3.3663649223139593,2.8851910326181094
2025-06-10,43.6532,5.0,65.0,12.0,3.3663649223139593,2.8851910326181094
2025-06-10,43.6532,6.0,65.0,12.0,3.335493163331452,2.860401010155156
2025-06-10,43.6532,7.0,65.0,12.0,4.163806980024023,3.5255370049592907
2025-06-10,43.6532,8.0,65.0,12.0,4.135810771186056,3.503056049262403
2025-06-10,43.6532,9.0,65.0,12.0,4.1154967224101435,3.4867438680953455
2025-06-10,43.6532,10.0,65.0,12.0,4.1154967224101435,3.4867438680953455
2025-06-15,43.6532,0.0,65.0,12.0,8.855265980064127,7.292778581991494
2025-06-15,43.6532,1.0,65.0,12.0,8.851848967822095,7.290034721161143
2025-06-15,43.6532,2.0,65.0,12.0,6.3642148276143615,5.292464506574333
2025-06-15,43.6532,3.0,65.0,12.0,4.2339330755733044,3.581848259685364
2025-06-15,43.6532,4.0,65.0,12.0,3.4503080771960204,2.9525973859884043
2025-06-15,43.6532,5.0,65.0,12.0,3.4503080771960204,2.9525973859884043
2025-06-15,43.6532,6.0,65.0,12.0,3.361302070619342,2.8811255627073318
2025-06-15,43.6532,7.0,65.0,12.0,4.11448390516634,3.4859305758485712
2025-06-15,43.6532,8.0,65.0,12.0,4.079349477776498,3.457717630654528
2025-06-15,43.6532,9.0,65.0,12.0,4.059299427228699,3.441617440064645
2025-06-15,43.6532,10.0,65.0,12.0,4.0592994272287,3.441617440064646
2025-06-20,43.6532,0.0,65.0,12.0,8.860777747566967,7.297204531296275
2025-06-20,43.6532,1.0,65.0,12.0,8.856569378132033,7.293825210640023
2025-06-20,43.6532,2.0,65.0,12.0,6.222973719405713,5.179047896682788
2025-06-20,43.6532,3.0,65.0,12.0,4.020687255740756,3.4106118663598273
2025-06-20,43.6532,4.0,65.0,12.0,3.289028274764293,2.8230897046357275
2025-06-20,43.6532,5.0,65.0,12.0,3.289028274764293,2.8230897046357275
2025-06-20,43.6532,6.0,65.0,12.0,3.2861811400772165,2.820803455482005
2025-06-20,43.6532,7.0,65.0,12.0,4.018701061279153,3.4090169522071605
2025-06-20,43.6532,8.0,65.0,12.0,4.037922423222075,3.4244517058473263
2025-06-20,43.6532,9.0,65.0,12.0,4.018246698662331,3.408652099025852
2025-06-20,43.6532,10.0,65.0,12.0,4.018246698662331,3.408652099025852
2025-06-25,43.6532,0.0,65.0,12.0,8.809672992431452,7.256167412922457
2025-06-25,43.6532,1.0,65.0,12.0,8.80497907603211,7.252398198053785
2025-06-25,43.6532,2.0,65.0,12.0,6.135901847217731,5.109129183315839
2025-06-25,43.6532,3.0,65.0,12.0,4.046035303836946,3.4309663489810673
2025-06-25,43.6532,4.0,65.0,12.0,3.304530274079749,2.8355378100860382
2025-06-25,43.6532,5.0,65.0,12.0,3.304530274079749,2.8355378100860382
2025-06-25,43.6532,6.0,65.0,12.0,3.328028527138206,2.8544069072919798
2025-06-25,43.6532,7.0,65.0,12.0,3.9819570148037817,3.3795114828874366
2025-06-25,43.6532,8.0,65.0,12.0,4.003437980251587,3.3967606981420246
2025-06-25,43.6532,9.0,65.0,12.0,3.9828815465368006,3.380253881869051
2025-06-25,43.6532,10.0,65.0,12.0,3.9828815465367997,3.3802538818690504
2025-06-30,43.6532,0.0,65.0,12.0,8.74744981393214,7.2062022005875095
2025-06-30,43.6532,1.0,65.0,12.0,8.743545941324726,7.2030673908837555
2025-06-30,43.6532,2.0,65.0,12.0,6.123388678386965,5.099081108744733
2025-06-30,43.6532,3.0,65.0,12.0,4.357854899306467,3.6813574841430934
2025-06-30,43.6532,4.0,65.0,12.0,3.5962120075233077,3.069758242041216
2025-06-30,43.6532,5.0,65.0,12.0,3.5962120075233077,3.069758242041216
2025-06-30,43.6532,6.0,65.0,12.0,3.559706083182595,3.040443984795624
2025-06-30,43.6532,7.0,65.0,12.0,4.336168572363207,3.6639433636076557
2025-06-30,43.6532,8.0,65.0,12.0,4.311825363229294,3.6443957666731235
2025-06-30,43.6532,9.0,65.0,12.0,4.291376340904043,3.627975201745947
2025-06-30,43.6532,10.0,65.0,12.0,4.291376340904042,3.6279752017459463
2025-07-05,43.6532,0.0,65.0,12.0,8.766448917236282,7.221458480540735
2025-07-05,43.6532,1.0,65.0,12.0,8.763108228043626,7.218775907119032
2025-07-05,43.6532,2.0,65.0,12.0,6.476593482656435,5.382704566573118
2025-07-05,43.6532,3.0,65.0,12.0,4.002971130994584,3.396385818188651
2025-07-05,43.6532,4.0,65.0,12.0,3.283206957865802,2.8184151871662393
2025-07-05,43.6532,5.0,65.0,12.0,3.283206957865802,2.8184151871662393
2025-07-05,43.6532,6.0,65.0,12.0,3.272611628934771,2.809907138034621
2025-07-05,43.6532,7.0,65.0,12.0,4.076468752744648,3.4554044084539526
2025-07-05,43.6532,8.0,65.0,12.0,4.035107553246451,3.4221913652569005
2025-07-05,43.6532,9.0,65.0,12.0,4.016637006326778,3.4073595160804024
2025-07-05,43.6532,10.0,65.0,12.0,4.016637006326777,3.407359516080402
2025-07-10,43.6532,0.0,65.0,12.0,8.697697830574695,7.166251357951481
2025-07-10,43.6532,1.0,65.0,12.0,8.694785100004532,7.16391243530364
2025-07-10,43.6532,2.0,65.0,12.0,6.332316575044022,5.26685020976035
2025-07-10,43.6532,3.0,65.0,12.0,4.021406604369819,3.4111895033089645
2025-07-10,43.6532,4.0,65.0,12.0,3.3442707338076287,2.867449399247526
2025-07-10,43.6532,5.0,65.0,12.0,3.3442707338076287,2.867449399247526
2025-07-10,43.6532,6.0,65.0,12.0,3.3142925034102033,2.8433768802383934
2025-07-10,43.6532,7.0,65.0,12.0,4.107012222538826,3.4799308146986774
2025-07-10,43.6532,8.0,65.0,12.0,4.0845160345856275,3.461866375772259
2025-07-10,43.6532,9.0,65.0,12.0,4.0645802799512465,3.445857964800851
2025-07-10,43.6532,10.0,65.0,12.0,4.0645802799512465,3.445857964800851
2025-07-15,43.6532,0.0,65.0,12.0,8.602862184922252,7.090098334492569
2025-07-15,43.6532,1.0,65.0,12.0,8.59990892485424,7.087726866657956
2025-07-15,43.6532,2.0,65.0,12.0,6.209917548655852,5.16856379157065
2025-07-15,43.6532,3.0,65.0,12.0,4.125016525745197,3.4943882701733933
2025-07-15,43.6532,4.0,65.0,12.0,3.371952810161873,2.889678106559984
2025-07-15,43.6532,5.0,65.0,12.0,3.3719528101618734,2.8896781065599844
2025-07-15,43.6532,6.0,65.0,12.0,3.291315317107339,2.8249261996371935
2025-07-15,43.6532,7.0,65.0,12.0,4.029465002759523,3.417660397215897
2025-07-15,43.6532,8.0,65.0,12.0,4.0013136746371165,3.3950548807336047
2025-07-15,43.6532,9.0,65.0,12.0,3.9806793194225474,3.3784854934963056
2025-07-15,43.6532,10.0,65.0,12.0,3.9806793194225483,3.3784854934963064
2025-07-20,43.6532,0.0,65.0,12.0,8.486609762992451,6.996747639682939
2025-07-20,43.6532,1.0,65.0,12.0,8.483110266512641,6.993937544009651
2025-07-20,43.6532,2.0,65.0,12.0,6.003373596371319,5.00270899788617
2025-07-20,43.6532,3.0,65.0,12.0,3.8569958982191648,3.2791677062699893
2025-07-20,43.6532,4.0,65.0,12.0,3.1711674686256703,2.7284474773064136
2025-07-20,43.6532,5.0,65.0,12.0,3.1711674686256694,2.7284474773064127
2025-07-20,43.6532,6.0,65.0,12.0,3.177976272820233,2.7339149470746476
2025-07-20,43.6532,7.0,65.0,12.0,3.8789556261055367,3.296801367762746
2025-07-20,43.6532,8.0,65.0,12.0,3.9069115285277785,3.319249957407806
2025-07-20,43.6532,9.0,65.0,12.0,3.8863851396104208,3.302767267107168
2025-07-20,43.6532,10.0,65.0,12.0,3.8863851396104208,3.302767267107168
2025-07-25,43.6532,0.0,65.0,12.0,8.322919091202191,6.86530403023536
2025-07-25,43.6532,1.0,65.0,12.0,8.318971323549034,6.862133972809875
2025-07-25,43.6532,2.0,65.0,12.0,5.832461582247524,4.865466650544763
2025-07-25,43.6532,3.0,65.0,12.0,3.8622443727953395,3.2833822313546577
2025-07-25,43.6532,4.0,65.0,12.0,3.1496574094571446,2.711174899794087
2025-07-25,43.6532,5.0,65.0,12.0,3.1496574094571446,2.711174899794087
2025-07-25,43.6532,6.0,65.0,12.0,3.172814663587622,2.7297701748608607
2025-07-25,43.6532,7.0,65.0,12.0,3.811395031085353,3.2425502099615384
2025-07-25,43.6532,8.0,65.0,12.0,3.833286887158819,3.260129370388532
2025-07-25,43.6532,9.0,65.0,12.0,3.81504544319271,3.2454814908837464
2025-07-25,43.6532,10.0,65.0,12.0,3.81504544319271,3.2454814908837464
2025-07-30,43.6532,0.0,65.0,12.0,8.169584706993685,6.7421765197159305
2025-07-30,43.6532,1.0,65.0,12.0,8.166291852218663,6.739532357331587
2025-07-30,43.6532,2.0,65.0,12.0,5.765418048481029,4.811630692930267
2025-07-30,43.6532,3.0,65.0,12.0,4.106946028871759,3.4798776611840228
2025-07-30,43.6532,4.0,65.0,12.0,3.380058081360171,2.8961866393322175
2025-07-30,43.6532,5.0,65.0,12.0,3.380058081360171,2.8961866393322175
2025-07-30,43.6532,6.0,65.0,12.0,3.3442376419322937,2.867422826471632
2025-07-30,43.6532,7.0,65.0,12.0,4.111357803455725,3.4834203161749473
2025-07-30,43.6532,8.0,65.0,12.0,4.08147883888574,3.4594275076252496
2025-07-30,43.6532,9.0,65.0,12.0,4.061105177204746,3.4430674572954114
2025-07-30,43.6532,10.0,65.0,12.0,4.061105177204746,3.4430674572954114
2025-08-04,43.6532,0.0,65.0,12.0,8.007366393404238,6.611915213903604
2025-08-04,43.6532,1.0,65.0,12.0,8.003594204036963,6.608886145841682
2025-08-04,43.6532,2.0,65.0,12.0,5.8700618679521925,4.895659679965611
2025-08-04,43.6532,3.0,65.0,12.0,3.7150685243497072,3.165200025052815
2025-08-04,43.6532,4.0,65.0,12.0,2.973155095342897,2.5694435415603465
2025-08-04,43.6532,5.0,65.0,12.0,2.973155095342897,2.5694435415603465
2025-08-04,43.6532,6.0,65.0,12.0,2.9791103279039315,2.574225593306857
2025-08-04,43.6532,7.0,65.0,12.0,3.760973972180276,3.202062099660762
2025-08-04,43.6532,8.0,65.0,12.0,3.7355076374786775,3.181612632895378
2025-08-04,43.6532,9.0,65.0,12.0,3.7180934539741894,3.1676290435412744
2025-08-04,43.6532,10.0,65.0,12.0,3.718093453974189,3.167629043541274
2025-08-09,43.6532,0.0,65.0,12.0,7.822783697336883,6.463695308961517
2025-08-09,43.6532,1.0,65.0,12.0,7.819375764328819,6.460958738756042
2025-08-09,43.6532,2.0,65.0,12.0,5.6911847276426855,4.752021336297077
2025-08-09,43.6532,3.0,65.0,12.0,3.686365006889406,3.142151100532193
2025-08-09,43.6532,4.0,65.0,12.0,3.035780228599926,2.619731523565741
2025-08-09,43.6532,5.0,65.0,12.0,3.035780228599925,2.61973152356574
2025-08-09,43.6532,6.0,65.0,12.0,3.0091003261840363,2.598307561925781
2025-08-09,43.6532,7.0,65.0,12.0,3.7303972250095456,3.1775089716826654
2025-08-09,43.6532,8.0,65.0,12.0,3.7179916859825886,3.1675473238440186
2025-08-09,43.6532,9.0,65.0,12.0,3.700137853470066,3.1532106963364632
2025-08-09,43.6532,10.0,65.0,12.0,3.700137853470067,3.1532106963364637
2025-08-14,43.6532,0.0,65.0,12.0,7.632641655623466,6.311011249465644
2025-08-14,43.6532,1.0,65.0,12.0,7.6292083622624345,6.308254314896736
2025-08-14,43.6532,2.0,65.0,12.0,5.486065331001858,4.587310460794493
2025-08-14,43.6532,3.0,65.0,12.0,3.6094437790563303,3.0803833545822332
2025-08-14,43.6532,4.0,65.0,12.0,2.937513091225931,2.5408230122544224
2025-08-14,43.6532,5.0,65.0,12.0,2.937513091225931,2.5408230122544224
2025-08-14,43.6532,6.0,65.0,12.0,2.891110199790648,2.50356149043189
2025-08-14,43.6532,7.0,65.0,12.0,3.6565432189348077,3.1182042048046505
2025-08-14,43.6532,8.0,65.0,12.0,3.636507174508942,3.1021152611306806
2025-08-14,43.6532,9.0,65.0,12.0,3.6160264409125737,3.0856692320527968
2025-08-14,43.6532,10.0,65.0,12.0,3.616026440912573,3.0856692320527963
2025-08-19,43.6532,0.0,65.0,12.0,7.424028164206246,6.143494615857616
2025-08-19,43.6532,1.0,65.0,12.0,7.419118420851986,6.139552091944146
2025-08-19,43.6532,2.0,65.0,12.0,5.252317927693266,4.399611295937693
2025-08-19,43.6532,3.0,65.0,12.0,3.4006317504863293,2.9127072956405224
2025-08-19,43.6532,4.0,65.0,12.0,2.790690348858597,2.4229243501334534
2025-08-19,43.6532,5.0,65.0,12.0,2.790690348858597,2.4229243501334534
2025-08-19,43.6532,6.0,65.0,12.0,2.772895198167828,2.408634844128766
2025-08-19,43.6532,7.0,65.0,12.0,3.4862887926347526,2.9814899004857063
2025-08-19,43.6532,8.0,65.0,12.0,3.5081573038854996,2.9990503150200563
2025-08-19,43.6532,9.0,65.0,12.0,3.4900576715706566,2.9845163102712373
2025-08-19,43.6532,10.0,65.0,12.0,3.490057671570656,2.984516310271237
2025-08-24,43.6532,0.0,65.0,12.0,7.167297312223906,5.937339741715797
2025-08-24,43.6532,1.0,65.0,12.0,7.162507936287331,5.933493872838728
2025-08-24,43.6532,2.0,65.0,12.0,4.955624106050857,4.161366157158839
2025-08-24,43.6532,3.0,65.0,12.0,3.392110163453742,2.905864461253355
2025-08-24,43.6532,4.0,65.0,12.0,2.7517452352382104,2.391651423896283
2025-08-24,43.6532,5.0,65.0,12.0,2.7517452352382104,2.391651423896283
2025-08-24,43.6532,6.0,65.0,12.0,2.739665091950018,2.3819510688358645
2025-08-24,43.6532,7.0,65.0,12.0,3.394221783241999,2.9075600919433255
2025-08-24,43.6532,8.0,65.0,12.0,3.3998500281185433,2.9120795725791906
2025-08-24,43.6532,9.0,65.0,12.0,3.3802078897790397,2.896306935492569
2025-08-24,43.6532,10.0,65.0,12.0,3.3802078897790397,2.896306935492569
2025-08-29,43.6532,0.0,65.0,12.0,6.894766511011642,5.718497508342349
2025-08-29,43.6532,1.0,65.0,12.0,6.890242419661148,5.714864662987903
2025-08-29,43.6532,2.0,65.0,12.0,4.750643802625412,3.9967669735082056
2025-08-29,43.6532,3.0,65.0,12.0,3.6022358709804423,3.074595404397295
2025-08-29,43.6532,4.0,65.0,12.0,2.9140981368725756,2.522020803908678
2025-08-29,43.6532,5.0,65.0,12.0,2.9140981368725756,2.522020803908678
2025-08-29,43.6532,6.0,65.0,12.0,2.8499075724308978,2.470475780662011
2025-08-29,43.6532,7.0,65.0,12.0,3.646565421018741,3.1101920330780493
2025-08-29,43.6532,8.0,65.0,12.0,3.6268804660125915,3.094385014208111
2025-08-29,43.6532,9.0,65.0,12.0,3.607387251833171,3.0787319632220362
2025-08-29,43.6532,10.0,65.0,12.0,3.6073872518331704,3.078731963222036
2025-09-03,43.6532,0.0,65.0,12.0,6.596480253015646,5.478973643171565
2025-09-03,43.6532,1.0,65.0,12.0,6.5918607588243265,5.475264189335935
2025-09-03,43.6532,2.0,65.0,12.0,4.628832652372239,3.898952619854908
2025-09-03,43.6532,3.0,65.0,12.0,3.271724616573301,2.809194867108361
2025-09-03,43.6532,4.0,65.0,12.0,2.520758586559863,2.20616914500757
2025-09-03,43.6532,5.0,65.0,12.0,2.5207585865598623,2.2061691450075696
2025-09-03,43.6532,6.0,65.0,12.0,2.4955162438930176,2.185899543846093
2025-09-03,43.6532,7.0,65.0,12.0,3.255224794448757,2.795945509942352
2025-09-03,43.6532,8.0,65.0,12.0,3.248003633643254,2.790146917815533
2025-09-03,43.6532,9.0,65.0,12.0,3.2303456290276578,2.7759675401092094
2025-09-03,43.6532,10.0,65.0,12.0,3.2303456290276578,2.7759675401092094
2025-09-08,43.6532,0.0,65.0,12.0,6.310995922989688,5.24972972616072
2025-09-08,43.6532,1.0,65.0,12.0,6.306526378786604,5.2461406821656436
2025-09-08,43.6532,2.0,65.0,12.0,4.40318563553771,3.717758065336781
2025-09-08,43.6532,3.0,65.0,12.0,3.2550919533609544,2.7958388385488466
2025-09-08,43.6532,4.0,65.0,12.0,2.5691039388149983,2.2449904628684436
2025-09-08,43.6532,5.0,65.0,12.0,2.5691039388149983,2.2449904628684436
2025-09-08,43.6532,6.0,65.0,12.0,2.504982227512881,2.1935007286928436
2025-09-08,43.6532,7.0,65.0,12.0,3.217396707098237,2.7655695557998845
2025-09-08,43.6532,8.0,65.0,12.0,3.212942882456761,2.761993134612779
2025-09-08,43.6532,9.0,65.0,12.0,3.193421031979046,2.746317088679174
2025-09-08,43.6532,10.0,65.0,12.0,3.193421031979046,2.746317088679174
2025-09-13,43.6532,0.0,65.0,12.0,6.053819193555655,5.043216812425191
2025-09-13,43.6532,1.0,65.0,12.0,6.049848462818408,5.040028315643182
2025-09-13,43.6532,2.0,65.0,12.0,4.178572120993364,3.5373934131576714
2025-09-13,43.6532,3.0,65.0,12.0,3.1720914756254137,2.7291894549272073
2025-09-13,43.6532,4.0,65.0,12.0,2.437381174708391,2.139217083290838
2025-09-13,43.6532,5.0,65.0,12.0,2.437381174708391,2.139217083290838
2025-09-13,43.6532,6.0,65.0,12.0,2.3692176747081626,2.0844817927906547
2025-09-13,43.6532,7.0,65.0,12.0,3.177451893041304,2.7334938701121674
2025-09-13,43.6532,8.0,65.0,12.0,3.184893183791638,2.7394692265846854
2025-09-13,43.6532,9.0,65.0,12.0,3.1639298608865656,2.7226356782919123
2025-09-13,43.6532,10.0,65.0,12.0,3.1639298608865656,2.7226356782919123
2025-09-18,43.6532,0.0,65.0,12.0,5.814396384988047,4.850960297145402
2025-09-18,43.6532,1.0,65.0,12.0,5.809441441677792,4.846981477667267
2025-09-18,43.6532,2.0,65.0,12.0,3.917013387826721,3.327361750424857
2025-09-18,43.6532,3.0,65.0,12.0,3.00447918786484,2.5945967878554668
2025-09-18,43.6532,4.0,65.0,12.0,2.206494752222457,1.953815286034633
2025-09-18,43.6532,5.0,65.0,12.0,2.2064947522224565,1.9538152860346325
2025-09-18,43.6532,6.0,65.0,12.0,2.137297503595338,1.8982498953870566
2025-09-18,43.6532,7.0,65.0,12.0,2.935918852722214,2.539542838735938
2025-09-18,43.6532,8.0,65.0,12.0,2.989879396726331,2.582873155571244
2025-09-18,43.6532,9.0,65.0,12.0,2.968727723842684,2.5658883622456754
2025-09-18,43.6532,10.0,65.0,12.0,2.968727723842684,2.5658883622456754
2025-09-23,43.6532,0.0,65.0,12.0,5.5323314003142965,4.62446211445238
2025-09-23,43.6532,1.0,65.0,12.0,5.5269678308689265,4.620155168187749
2025-09-23,43.6532,2.0,65.0,12.0,3.647508466641052,3.110949298712765
2025-09-23,43.6532,3.0,65.0,12.0,3.0849998513715144,2.6592548806513263
2025-09-23,43.6532,4.0,65.0,12.0,2.1389063875731145,1.899541829221211
2025-09-23,43.6532,5.0,65.0,12.0,2.1389063875731145,1.899541829221211
2025-09-23,43.6532,6.0,65.0,12.0,2.0825074611819763,1.854253491329127
2025-09-23,43.6532,7.0,65.0,12.0,2.9548031624049718,2.5547069394111923
2025-09-23,43.6532,8.0,65.0,12.0,2.9830944525628844,2.577424845407996
2025-09-23,43.6532,9.0,65.0,12.0,2.9601453963177162,2.558996753243126
2025-09-23,43.6532,10.0,65.0,12.0,2.960145396317716,2.5589967532431257
2025-09-28,43.6532,0.0,65.0,12.0,5.231617148905749,4.382988570571317
2025-09-28,43.6532,1.0,65.0,12.0,5.22751525209593,4.3796947474330326
2025-09-28,43.6532,2.0,65.0,12.0,3.46380895267506,2.9634385889980734
2025-09-28,43.6532,3.0,65.0,12.0,3.152047499174087,2.713094141836792
2025-09-28,43.6532,4.0,65.0,12.0,2.091690373063239,1.8616273695697807
2025-09-28,43.6532,5.0,65.0,12.0,2.0916903730632392,1.8616273695697811
2025-09-28,43.6532,6.0,65.0,12.0,2.0082931743461323,1.7946594189999443
2025-09-28,43.6532,7.0,65.0,12.0,2.9956279050643135,2.587489207766644
2025-09-28,43.6532,8.0,65.0,12.0,3.0030300464404545,2.593433127291685
2025-09-28,43.6532,9.0,65.0,12.0,2.9822737070318253,2.576765786746556
2025-09-28,43.6532,10.0,65.0,12.0,2.9822737070318253,2.576765786746556
2025-10-03,43.6532,0.0,65.0,12.0,5.015960291780596,4.209816114299819
2025-10-03,43.6532,1.0,65.0,12.0,5.011557144753009,4.206280387236667
2025-10-03,43.6532,2.0,65.0,12.0,3.1955395299542384,2.7480182425532536
2025-10-03,43.6532,3.0,65.0,12.0,2.89149648534334,2.503871677730702
2025-10-03,43.6532,4.0,65.0,12.0,1.8795766880856335,1.6913000805327638
2025-10-03,43.6532,5.0,65.0,12.0,1.8795766880856335,1.6913000805327638
2025-10-03,43.6532,6.0,65.0,12.0,1.8263830640148562,1.6485856004039294
2025-10-03,43.6532,7.0,65.0,12.0,2.7339920633923076,2.3773956269040233
2025-10-03,43.6532,8.0,65.0,12.0,2.7450345322908656,2.386262729429565
2025-10-03,43.6532,9.0,65.0,12.0,2.72617681927256,2.371119985875866
2025-10-03,43.6532,10.0,65.0,12.0,2.72617681927256,2.371119985875866
2025-10-08,43.6532,0.0,65.0,12.0,4.715036262883728,3.9681741190956337
2025-10-08,43.6532,1.0,65.0,12.0,4.70991474915903,3.9640615435747013
2025-10-08,43.6532,2.0,65.0,12.0,3.019177057809308,2.6063991774208746
2025-10-08,43.6532,3.0,65.0,12.0,2.8165661105111197,2.443702586740429
2025-10-08,43.6532,4.0,65.0,12.0,2.01285573503968,1.798323155236863
2025-10-08,43.6532,5.0,65.0,12.0,2.01285573503968,1.798323155236863
2025-10-08,43.6532,6.0,65.0,12.0,1.9041228767333689,1.7110106700168952
2025-10-08,43.6532,7.0,65.0,12.0,2.6469661000361984,2.3075137783290676
2025-10-08,43.6532,8.0,65.0,12.0,2.659917803499059,2.3179139962097444
2025-10-08,43.6532,9.0,65.0,12.0,2.6393755299806907,2.301418550574495
2025-10-08,43.6532,10.0,65.0,12.0,2.6393755299806907,2.301418550574495
2025-10-13,43.6532,0.0,65.0,12.0,4.426431320430922,3.7364243503060304
2025-10-13,43.6532,1.0,65.0,12.0,4.420235135466548,3.731448813779638
2025-10-13,43.6532,2.0,65.0,12.0,2.8123864011172093,2.440346280097119
2025-10-13,43.6532,3.0,65.0,12.0,2.633946729567939,2.297059223843055
2025-10-13,43.6532,4.0,65.0,12.0,1.8457974162980153,1.6641753252873064
2025-10-13,43.6532,5.0,65.0,12.0,1.8457974162980155,1.6641753252873064
2025-10-13,43.6532,6.0,65.0,12.0,1.7547580818073598,1.59107073969131
2025-10-13,43.6532,7.0,65.0,12.0,2.6718995048768766,2.327535302416132
2025-10-13,43.6532,8.0,65.0,12.0,2.6810824719051376,2.3349092249398256
2025-10-13,43.6532,9.0,65.0,12.0,2.6571077722337195,2.315657541103677
2025-10-13,43.6532,10.0,65.0,12.0,2.6571077722337195,2.315657541103677
2025-10-18,43.6532,0.0,65.0,12.0,4.142356612397291,3.5083123597550245
2025-10-18,43.6532,1.0,65.0,12.0,4.136312102299393,3.503458618146413
2025-10-18,43.6532,2.0,65.0,12.0,2.6229189937478257,2.288203951979504
2025-10-18,43.6532,3.0,65.0,12.0,2.380143362791023,2.0932551203211918
2025-10-18,43.6532,4.0,65.0,12.0,1.6671271552961953,1.5207031057028448
2025-10-18,43.6532,5.0,65.0,12.0,1.6671271552961953,1.5207031057028448
2025-10-18,43.6532,6.0,65.0,12.0,1.585941581562866,1.4555110899949812
2025-10-18,43.6532,7.0,65.0,12.0,2.392548947891,2.1032168051564732
2025-10-18,43.6532,8.0,65.0,12.0,2.421867457202453,2.12675956813357
2025-10-18,43.6532,9.0,65.0,12.0,2.3969928839537222,2.1067852858148393
2025-10-18,43.6532,10.0,65.0,12.0,2.3969928839537222,2.1067852858148393
2025-10-23,43.6532,0.0,65.0,12.0,3.854677572390157,3.2773060906292963
2025-10-23,43.6532,1.0,65.0,12.0,3.8484136983892796,3.2722761998065915
2025-10-23,43.6532,2.0,65.0,12.0,2.459362891990354,2.1568684022682545
2025-10-23,43.6532,3.0,65.0,12.0,2.231619052635652,1.9739900992664288
2025-10-23,43.6532,4.0,65.0,12.0,1.5664044213819461,1.4398227503697028
2025-10-23,43.6532,5.0,65.0,12.0,1.5664044213819457,1.4398227503697023
2025-10-23,43.6532,6.0,65.0,12.0,1.4853116358928593,1.374705243621966
2025-10-23,43.6532,7.0,65.0,12.0,2.1953608392910455,1.9448747539507096
2025-10-23,43.6532,8.0,65.0,12.0,2.228520780958479,1.9715021871096585
2025-10-23,43.6532,9.0,65.0,12.0,2.2026591470390957,1.950735295072394
2025-10-23,43.6532,10.0,65.0,12.0,2.2026591470390957,1.950735295072394
2025-10-28,43.6532,0.0,65.0,12.0,3.5868993357045875,3.0622801665707837
2025-10-28,43.6532,1.0,65.0,12.0,3.5797583268318793,3.0565459364459993
2025-10-28,43.6532,2.0,65.0,12.0,2.3523337606649375,2.070924009813945
2025-10-28,43.6532,3.0,65.0,12.0,2.095917897034651,1.8650220713188248
2025-10-28,43.6532,4.0,65.0,12.0,1.464656066725183,1.358118821580322
2025-10-28,43.6532,5.0,65.0,12.0,1.464656066725183,1.358118821580322
2025-10-28,43.6532,6.0,65.0,12.0,1.3886733471094344,1.2971046977288758
2025-10-28,43.6532,7.0,65.0,12.0,2.0797588280698194,1.852046338940065
2025-10-28,43.6532,8.0,65.0,12.0,2.1140393365616252,1.8795735872589852
2025-10-28,43.6532,9.0,65.0,12.0,2.0879390581371773,1.8586150636841534
2025-10-28,43.6532,10.0,65.0,12.0,2.0879390581371773,1.8586150636841534
2025-11-02,43.6532,0.0,65.0,12.0,3.3315380477129892,2.8572250523135305
2025-11-02,43.6532,1.0,65.0,12.0,3.324737005990919,2.8517638158107084
2025-11-02,43.6532,2.0,65.0,12.0,2.27572454327105,2.009406808246653
2025-11-02,43.6532,3.0,65.0,12.0,1.970705758647174,1.7644767241936807
2025-11-02,43.6532,4.0,65.0,12.0,1.434907102182624,1.334230403052647
2025-11-02,43.6532,5.0,65.0,12.0,1.434907102182624,1.334230403052647
2025-11-02,43.6532,6.0,65.0,12.0,1.3645326590695577,1.2777197252328547
2025-11-02,43.6532,7.0,65.0,12.0,1.991020752479073,1.7807896642406957
2025-11-02,43.6532,8.0,65.0,12.0,2.011772894256993,1.7974536340883653
2025-11-02,43.6532,9.0,65.0,12.0,1.9863099526823709,1.777006892003944
2025-11-02,43.6532,10.0,65.0,12.0,1.9863099526823709,1.777006892003944
2025-11-07,43.6532,0.0,65.0,12.0,3.088854843223784,2.6623504391086987
2025-11-07,43.6532,1.0,65.0,12.0,3.081176055243947,2.6561843723608893
2025-11-07,43.6532,2.0,65.0,12.0,2.1392574736490375,1.8998237513401772
2025-11-07,43.6532,3.0,65.0,12.0,1.8962491102463481,1.7046880355278176
2025-11-07,43.6532,4.0,65.0,12.0,1.3575235416591596,1.272091403952305
2025-11-07,43.6532,5.0,65.0,12.0,1.3575235416591596,1.272091403952305
2025-11-07,43.6532,6.0,65.0,12.0,1.276775822668313,1.2072509856026554
2025-11-07,43.6532,7.0,65.0,12.0,1.8993572728101062,1.7071838900665153
2025-11-07,43.6532,8.0,65.0,12.0,1.9231299774961967,1.726273371929446
2025-11-07,43.6532,9.0,65.0,12.0,1.8953577828646733,1.7039722996403326
2025-11-07,43.6532,10.0,65.0,12.0,1.8953577828646733,1.7039722996403326
2025-11-12,43.6532,0.0,65.0,12.0,2.8901486678028507,2.502789380245689
2025-11-12,43.6532,1.0,65.0,12.0,2.879275967825808,2.4940586021641242
2025-11-12,43.6532,2.0,65.0,12.0,1.9726975058532885,1.7660760972001908
2025-11-12,43.6532,3.0,65.0,12.0,1.7871815476372415,1.6171067827527048
2025-11-12,43.6532,4.0,65.0,12.0,1.2750913299450872,1.205898337945905
2025-11-12,43.6532,5.0,65.0,12.0,1.2750913299450872,1.205898337945905
2025-11-12,43.6532,6.0,65.0,12.0,1.173152562999381,1.1240415080885031
2025-11-12,43.6532,7.0,65.0,12.0,1.8641373959789989,1.678902328971136
2025-11-12,43.6532,8.0,65.0,12.0,1.8927959404430066,1.7019151401757344
2025-11-12,43.6532,9.0,65.0,12.0,1.8588357519407095,1.6746451088083898
2025-11-12,43.6532,10.0,65.0,12.0,1.8588357519407095,1.6746451088083898
2025-11-17,43.6532,0.0,65.0,12.0,2.7132523265449517,2.3607416182155965
2025-11-17,43.6532,1.0,65.0,12.0,2.7060152034192924,2.3549302083456918
2025-11-17,43.6532,2.0,65.0,12.0,1.7908983250502535,1.6200913550153535
2025-11-17,43.6532,3.0,65.0,12.0,1.6726246570829462,1.5251175996376058
2025-11-17,43.6532,4.0,65.0,12.0,1.1756157523357995,1.126019449125647
2025-11-17,43.6532,5.0,65.0,12.0,1.1756157523357993,1.1260194491256468
2025-11-17,43.6532,6.0,65.0,12.0,1.0628419324100795,1.0354620717252938
2025-11-17,43.6532,7.0,65.0,12.0,1.7199550669482997,1.5631239187594848
2025-11-17,43.6532,8.0,65.0,12.0,1.7517032593114703,1.5886177172271108
2025-11-17,43.6532,9.0,65.0,12.0,1.7139775544904938,1.5583239762558665
2025-11-17,43.6532,10.0,65.0,12.0,1.7139775544904938,1.5583239762558665
2025-11-22,43.6532,0.0,65.0,12.0,2.5520856730369514,2.231324795448672
2025-11-22,43.6532,1.0,65.0,12.0,2.546854361768922,2.2271240525004443
2025-11-22,43.6532,2.0,65.0,12.0,1.6676596938326083,1.5211307341475844
2025-11-22,43.6532,3.0,65.0,12.0,1.5362030260179955,1.4155710298924504
2025-11-22,43.6532,4.0,65.0,12.0,1.1270775049366797,1.0870432364641538
2025-11-22,43.6532,5.0,65.0,12.0,1.1270775049366795,1.0870432364641536
2025-11-22,43.6532,6.0,65.0,12.0,0.9925797224143076,0.979041517098689
2025-11-22,43.6532,7.0,65.0,12.0,1.6178850660544288,1.4811617080417063
2025-11-22,43.6532,8.0,65.0,12.0,1.6519454058791676,1.5085121609209715
2025-11-22,43.6532,9.0,65.0,12.0,1.6086835169009668,1.4737728640714765
2025-11-22,43.6532,10.0,65.0,12.0,1.6086835169009668,1.4737728640714765
2025-11-27,43.6532,0.0,65.0,12.0,2.398022630898921,2.1076121726118338
2025-11-27,43.6532,1.0,65.0,12.0,2.3938463977120708,2.104258657362793
2025-11-27,43.6532,2.0,65.0,12.0,1.5671127672634648,1.4403915521125623
2025-11-27,43.6532,3.0,65.0,12.0,1.4428070042552557,1.3405740244169704
2025-11-27,43.6532,4.0,65.0,12.0,1.1272260788009507,1.0871625412771635
2025-11-27,43.6532,5.0,65.0,12.0,1.1272260788009507,1.0871625412771635
2025-11-27,43.6532,6.0,65.0,12.0,0.9779328558255084,0.9672800832278832
2025-11-27,43.6532,7.0,65.0,12.0,1.5473534329683345,1.4245248066735725
2025-11-27,43.6532,8.0,65.0,12.0,1.5792630846845332,1.4501482570016802
2025-11-27,43.6532,9.0,65.0,12.0,1.529920722268149,1.4105263399813237
2025-11-27,43.6532,10.0,65.0,12.0,1.529920722268149,1.4105263399813237
2025-12-02,43.6532,0.0,65.0,12.0,2.274711755857693,2.0085935399537274
2025-12-02,43.6532,1.0,65.0,12.0,2.271545841379878,2.006051310628042
2025-12-02,43.6532,2.0,65.0,12.0,1.426207839728725,1.3272448953021663
2025-12-02,43.6532,3.0,65.0,12.0,1.26589920663862,1.198517062930812
2025-12-02,43.6532,4.0,65.0,12.0,1.0183357643137108,0.9997236187439098
2025-12-02,43.6532,5.0,65.0,12.0,1.0183357643137105,0.9997236187439096
2025-12-02,43.6532,6.0,65.0,12.0,0.9055609821400654,0.9091654686584725
2025-12-02,43.6532,7.0,65.0,12.0,1.4291906346998506,1.32964007966398
2025-12-02,43.6532,8.0,65.0,12.0,1.453333671427019,1.3490269381558964
2025-12-02,43.6532,9.0,65.0,12.0,1.4025720435030853,1.3082653509329776
2025-12-02,43.6532,10.0,65.0,12.0,1.4025720435030853,1.3082653509329776
2025-12-07,43.6532,0.0,65.0,12.0,2.19016970015848,1.9407062692272596
2025-12-07,43.6532,1.0,65.0,12.0,2.1867647189970767,1.9379720693546527
2025-12-07,43.6532,2.0,65.0,12.0,1.388825563271612,1.2972269273071044
2025-12-07,43.6532,3.0,65.0,12.0,1.23158716230504,1.1709644913309472
2025-12-07,43.6532,4.0,65.0,12.0,1.011776719366361,0.9944567056511879
2025-12-07,43.6532,5.0,65.0,12.0,1.011776719366361,0.9944567056511879
2025-12-07,43.6532,6.0,65.0,12.0,0.8771979853045069,0.8863899821995191
2025-12-07,43.6532,7.0,65.0,12.0,1.3675807467244714,1.2801673396197506
2025-12-07,43.6532,8.0,65.0,12.0,1.3908928372121032,1.2988869482813188
2025-12-07,43.6532,9.0,65.0,12.0,1.3412697050360576,1.2590395731439543
2025-12-07,43.6532,10.0,65.0,12.0,1.3412697050360576,1.2590395731439543
2025-12-12,43.6532,0.0,65.0,12.0,2.1303193580251154,1.8926464444941677
2025-12-12,43.6532,1.0,65.0,12.0,2.1267540128393776,1.8897834723100202
2025-12-12,43.6532,2.0,65.0,12.0,1.3519365001224097,1.267605009598295
2025-12-12,43.6532,3.0,65.0,12.0,1.205566265393512,1.15006971111099
2025-12-12,43.6532,4.0,65.0,12.0,0.9906612614229557,0.9775009929226335
2025-12-12,43.6532,5.0,65.0,12.0,0.9906612614229557,0.9775009929226335
2025-12-12,43.6532,6.0,65.0,12.0,0.8409930526850512,0.8573174213060961
2025-12-12,43.6532,7.0,65.0,12.0,1.4012008858404772,1.3071643113299032
2025-12-12,43.6532,8.0,65.0,12.0,1.427633018467628,1.3283893138295053
2025-12-12,43.6532,9.0,65.0,12.0,1.3704592288408435,1.2824787607591974
2025-12-12,43.6532,10.0,65.0,12.0,1.3704592288408435,1.2824787607591974
2025-12-17,43.6532,0.0,65.0,12.0,2.09563323760516,1.8647934897969434
2025-12-17,43.6532,1.0,65.0,12.0,2.0913679630977153,1.8613684743674654
2025-12-17,43.6532,2.0,65.0,12.0,1.342778662983584,1.260251266375818
2025-12-17,43.6532,3.0,65.0,12.0,1.200905185552074,1.1463268639983155
2025-12-17,43.6532,4.0,65.0,12.0,0.9709108519194511,0.9616414140913192
2025-12-17,43.6532,5.0,65.0,12.0,0.9709108519194511,0.9616414140913192
2025-12-17,43.6532,6.0,65.0,12.0,0.8164043795735877,0.837572716797591
2025-12-17,43.6532,7.0,65.0,12.0,1.383607464573925,1.2930367940528618
2025-12-17,43.6532,8.0,65.0,12.0,1.4097520788691573,1.3140309193319333
2025-12-17,43.6532,9.0,65.0,12.0,1.3537941818791766,1.2690967280489789
2025-12-17,43.6532,10.0,65.0,12.0,1.3537941818791766,1.2690967280489789
2025-12-22,43.6532,0.0,65.0,12.0,2.0896856790413003,1.8600176002701643
2025-12-22,43.6532,1.0,65.0,12.0,2.085511634671365,1.8566658426411062
2025-12-22,43.6532,2.0,65.0,12.0,1.343567020575124,1.2608843175218245
2025-12-22,43.6532,3.0,65.0,12.0,1.2012690720960126,1.1466190648930983
2025-12-22,43.6532,4.0,65.0,12.0,0.9775349185702722,0.9669605396119285
2025-12-22,43.6532,5.0,65.0,12.0,0.9775349185702723,0.9669605396119287
2025-12-22,43.6532,6.0,65.0,12.0,0.80698582510458,0.8300096175589777
2025-12-22,43.6532,7.0,65.0,12.0,1.3752977659059136,1.2863641060224487
2025-12-22,43.6532,8.0,65.0,12.0,1.4008587967716835,1.3068896138076618
2025-12-22,43.6532,9.0,65.0,12.0,1.3453543324183361,1.262319528931924
2025-12-22,43.6532,10.0,65.0,12.0,1.3453543324183361,1.262319528931924
2025-12-27,43.6532,0.0,65.0,12.0,2.1017845802873496,1.8697330179707419
2025-12-27,43.6532,1.0,65.0,12.0,2.0979196115586474,1.866629448081594
2025-12-27,43.6532,2.0,65.0,12.0,1.3579892494055095,1.272465367272624
2025-12-27,43.6532,3.0,65.0,12.0,1.2224648172585169,1.163639248258589
2025-12-27,43.6532,4.0,65.0,12.0,1.0223519090041333,1.002948582930319
2025-12-27,43.6532,5.0,65.0,12.0,1.0223519090041333,1.002948582930319
2025-12-27,43.6532,6.0,65.0,12.0,0.8522891818298554,0.8663882130093739
2025-12-27,43.6532,7.0,65.0,12.0,1.3745391921071572,1.2857549712620473
2025-12-27,43.6532,8.0,65.0,12.0,1.402699139490317,1.3083674090107245
2025-12-27,43.6532,9.0,65.0,12.0,1.3488301398838338,1.2651106023267185
2025-12-27,43.6532,10.0,65.0,12.0,1.3488301398838334,1.2651106023267182
